"Data Source","Indicadores del desarrollo mundial",

"Last Updated Date","2026-02-24",

"Country Name","Country Code","Indicator Name","Indicator Code","1960","1961","1962","1963","1964","1965","1966","1967","1968","1969","1970","1971","1972","1973","1974","1975","1976","1977","1978","1979","1980","1981","1982","1983","1984","1985","1986","1987","1988","1989","1990","1991","1992","1993","1994","1995","1996","1997","1998","1999","2000","2001","2002","2003","2004","2005","2006","2007","2008","2009","2010","2011","2012","2013","2014","2015","2016","2017","2018","2019","2020","2021","2022","2023","2024","2025",
"Aruba","ABW","Muertes producto de la guerra (cantidad de personas)","VC.BTL.DETH","","","","","","","","","","","","","","","","","","","","","","","","","","","","","","","","","","","","","","","","","","","","","","","","","","","","","","","","","","","","","","","","","","",
"","AFE","Muertes producto de la guerra (cantidad de personas)","VC.BTL.DETH","","","","","","","","","","","","","","","","","","","","","","","","","","","","","","","","","","","","","","","","","","","","","","","","","","","","","","","","","","","","","25303","","","","","",
"Afganistán","AFG","Muertes producto de la guerra (cantidad de personas)","VC.BTL.DETH","","","","","","","","","","","","","","","","","","","","","","","","","","","","","","5174","1478","3302","4276","4071","8937","5499","3177","6396","6256","4629","5235","5055","890","687","715","1595","4750","6911","5552","6341","6864","7403","7721","8056","12284","17303","17985","19014","25676","29940","20475","35787","917","237","260","",
"","AFW","Muertes producto de la guerra (cantidad de personas)","VC.BTL.DETH","","","","","","","","","","","","","","","","","","","","","","","","","","","","","","","","","","","","","","","","","","","","","","","","","","","","","","","","","","","2852","3464","4313","6148","6767","9004","6248","",
"Angola","AGO","Muertes producto de la guerra (cantidad de personas)","VC.BTL.DETH","","","","","","","","","","","","","","","","","","","","","","","","","","","","","","2810","2558","516","2346","12054","3974","187","29","51","1066","2272","946","1123","521","25","25","","","25","","25","","","","","","","25","25","","25","21","","20","","25","",
"Albania","ALB","Muertes producto de la guerra (cantidad de personas)","VC.BTL.DETH","","","","","","","","","","","","","","","","","","","","","","","","","","","","","","","","","","","","","","","","6","","","","","","","","","","","","","","","","","","","","","","","","","","",
"Andorra","AND","Muertes producto de la guerra (cantidad de personas)","VC.BTL.DETH","","","","","","","","","","","","","","","","","","","","","","","","","","","","","","","","","","","","","","","","","","","","","","","","","","","","","","","","","","","","","","","","","","",
"El mundo árabe","ARB","Muertes producto de la guerra (cantidad de personas)","VC.BTL.DETH","","","","","","","","","","","","","","","","","","","","","","","","","","","","","","","","","","","","","","","","","","","","","","","","","","","","","","","83775","72779","63216","41586","22394","","15266","28069","","","","",
"Emiratos Árabes Unidos","ARE","Muertes producto de la guerra (cantidad de personas)","VC.BTL.DETH","","","","","","","","","","","","","","","","","","","","","","","","","","","","","","","","","","","","","","","","","","","","","","","","","","","","","","","","","","","","","","","3","","","",
"Argentina","ARG","Muertes producto de la guerra (cantidad de personas)","VC.BTL.DETH","","","","","","","","","","","","","","","","","","","","","","","","","","","","","","","","","0","","","","","","","","","","","","","","","","","","","","","","","","","","","","","","","","","",
"Armenia","ARM","Muertes producto de la guerra (cantidad de personas)","VC.BTL.DETH","","","","","","","","","","","","","","","","","","","","","","","","","","","","","","","","","85","37","30","","","","","","","","","","","1","","","","","","","9","","","9","4","","","","10","10","154","20","","",
"Samoa Americana","ASM","Muertes producto de la guerra (cantidad de personas)","VC.BTL.DETH","","","","","","","","","","","","","","","","","","","","","","","","","","","","","","","","","","","","","","","","","","","","","","","","","","","","","","","","","","","","","","","","","","",
"Antigua y Barbuda","ATG","Muertes producto de la guerra (cantidad de personas)","VC.BTL.DETH","","","","","","","","","","","","","","","","","","","","","","","","","","","","","","","","","","","","","","","","","","","","","","","","","","","","","","","","","","","","","","","","","","",
"Australia","AUS","Muertes producto de la guerra (cantidad de personas)","VC.BTL.DETH","","","","","","","","","","","","","","","","","","","","","","","","","","","","","","","","","","","","","","","","","","","","","","","","","","","","","","","","","","","1","","","","","","","",
"Austria","AUT","Muertes producto de la guerra (cantidad de personas)","VC.BTL.DETH","","","","","","","","","","","","","","","","","","","","","","","","","","","","","","","","","","","","","","","","","","","","","","","","","","","","","","","","","","","","","","","","","","",
"Azerbaiyán","AZE","Muertes producto de la guerra (cantidad de personas)","VC.BTL.DETH","","","","","","","","","","","","","","","","","","","","","","","","","","","","","","","","35","2082","1194","1477","44","","29","34","","","","","","","24","","","30","","","","16","","46","63","137","36","","","7636","30","154","442","","",
"Burundi","BDI","Muertes producto de la guerra (cantidad de personas)","VC.BTL.DETH","","","","","","","","","","","","","","","","","","","","","","","","","","","","","","","","272","61","","56","382","987","1159","843","781","1529","1231","1349","912","433","298","141","","226","","","","","","56","185","","","","16","63","24","","86","19","",
"Bélgica","BEL","Muertes producto de la guerra (cantidad de personas)","VC.BTL.DETH","","","","","","","","","","","","","","","","","","","","","","","","","","","","","","","","","","","","","","","","","","","","","","","","","","","","","","","","","2","","3","","","","","","","",
"Benin","BEN","Muertes producto de la guerra (cantidad de personas)","VC.BTL.DETH","","","","","","","","","","","","","","","","","","","","","","","","","","","","","","","","","","","","","","","","","","","","","","","","","","","","","","","","","","","","","","","30","28","77","",
"Burkina Faso","BFA","Muertes producto de la guerra (cantidad de personas)","VC.BTL.DETH","","","","","","","","","","","","","","","","","","","","","","","","","","","","","","","","","","","","","","","","","","","","","","","","","","","","","","","","","","","79","349","512","991","2093","4608","2199","",
"Bangladesh","BGD","Muertes producto de la guerra (cantidad de personas)","VC.BTL.DETH","","","","","","","","","","","","","","","","","","","","","","","","","","","","","","26","45","25","","","","","","","","","","","","","","62","57","","","","","","","","","","41","47","","","2","","2","","2","",
"Bulgaria","BGR","Muertes producto de la guerra (cantidad de personas)","VC.BTL.DETH","","","","","","","","","","","","","","","","","","","","","","","","","","","","","","","","","","","","","","","","","","","","","","","","","","","","","","","","","","","","","","","","","","",
"Bahrein","BHR","Muertes producto de la guerra (cantidad de personas)","VC.BTL.DETH","","","","","","","","","","","","","","","","","","","","","","","","","","","","","","","","","","","","","","","","","","","","","","","","","","","","","","","","","","","","","","","","","","",
"Bahamas","BHS","Muertes producto de la guerra (cantidad de personas)","VC.BTL.DETH","","","","","","","","","","","","","","","","","","","","","","","","","","","","","","","","","","","","","","","","","","","","","","","","","","","","","","","","","","","","","","","","","","",
"Bosnia y Herzegovina","BIH","Muertes producto de la guerra (cantidad de personas)","VC.BTL.DETH","","","","","","","","","","","","","","","","","","","","","","","","","","","","","","","","","20720","13233","7022","8855","","","","","","","","","","","","","","","","","","","","","","","","","","","","","","",
"Belarús","BLR","Muertes producto de la guerra (cantidad de personas)","VC.BTL.DETH","","","","","","","","","","","","","","","","","","","","","","","","","","","","","","","","","","","","","","","","","","","","","","","","","","","","","","","","","","","","","","","","","","",
"Belice","BLZ","Muertes producto de la guerra (cantidad de personas)","VC.BTL.DETH","","","","","","","","","","","","","","","","","","","","","","","","","","","","","","","","","","","","","","","","","","","","","","","","","","","","","","","","","","","","","","","","","","",
"Bermudas","BMU","Muertes producto de la guerra (cantidad de personas)","VC.BTL.DETH","","","","","","","","","","","","","","","","","","","","","","","","","","","","","","","","","","","","","","","","","","","","","","","","","","","","","","","","","","","","","","","","","","",
"Bolivia","BOL","Muertes producto de la guerra (cantidad de personas)","VC.BTL.DETH","","","","","","","","","","","","","","","","","","","","","","","","","","","","","","","","","","","","","","","","","","","","","","","","","","","","","","","","","","","","","","","","","","",
"Brasil","BRA","Muertes producto de la guerra (cantidad de personas)","VC.BTL.DETH","","","","","","","","","","","","","","","","","","","","","","","","","","","","","","","","","","","","","","","","","","","","","","","","","","","","","","","","","","","","","","","","","","",
"Barbados","BRB","Muertes producto de la guerra (cantidad de personas)","VC.BTL.DETH","","","","","","","","","","","","","","","","","","","","","","","","","","","","","","","","","","","","","","","","","","","","","","","","","","","","","","","","","","","","","","","","","","",
"Brunei Darussalam","BRN","Muertes producto de la guerra (cantidad de personas)","VC.BTL.DETH","","","","","","","","","","","","","","","","","","","","","","","","","","","","","","","","","","","","","","","","","","","","","","","","","","","","","","","","","","","","","","","","","","",
"Bhután","BTN","Muertes producto de la guerra (cantidad de personas)","VC.BTL.DETH","","","","","","","","","","","","","","","","","","","","","","","","","","","","","","","","","","","","","","4","","","","","","","","","","","","","","","","","","","","","","","","","","","","",
"Botswana","BWA","Muertes producto de la guerra (cantidad de personas)","VC.BTL.DETH","","","","","","","","","","","","","","","","","","","","","","","","","","","","","","","","","","","","","","","","","","","","","","","","","","","","","","","","","","","","","","","","","","",
"República Centroafricana","CAF","Muertes producto de la guerra (cantidad de personas)","VC.BTL.DETH","","","","","","","","","","","","","","","","","","","","","","","","","","","","","","","","","","","","","","","","","","195","131","","","","46","","","88","47","48","45","417","153","27","","35","103","51","57","906","675","261","177","",
"Canadá","CAN","Muertes producto de la guerra (cantidad de personas)","VC.BTL.DETH","","","","","","","","","","","","","","","","","","","","","","","","","","","","","","","","","","","","","","","","","","","","","","","","","","","","","","","","","","","","","","","","","","",
"Europa Central y del Báltico","CEB","Muertes producto de la guerra (cantidad de personas)","VC.BTL.DETH","","","","","","","","","","","","","","","","","","","","","","","","","","","","","","","","","","","","","","","","","","","","","","","","","","","","","","","","","","","","","","","","","","",
"Suiza","CHE","Muertes producto de la guerra (cantidad de personas)","VC.BTL.DETH","","","","","","","","","","","","","","","","","","","","","","","","","","","","","","","","","","","","","","","","","","","","","","","","","","","","","","","","","","","","","","","","","","",
"Islas del Canal","CHI","Muertes producto de la guerra (cantidad de personas)","VC.BTL.DETH","","","","","","","","","","","","","","","","","","","","","","","","","","","","","","","","","","","","","","","","","","","","","","","","","","","","","","","","","","","","","","","","","","",
"Chile","CHL","Muertes producto de la guerra (cantidad de personas)","VC.BTL.DETH","","","","","","","","","","","","","","","","","","","","","","","","","","","","","","","","","","","","","","","","","","","","","","","","","","","","","","","","","","","","","","","","","","",
"China","CHN","Muertes producto de la guerra (cantidad de personas)","VC.BTL.DETH","","","","","","","","","","","","","","","","","","","","","","","","","","","","","","","","","","","","","","","","","","","","","","","","","36","2","","","","","","5","","","","","","","","1","","",
"Côte d'Ivoire","CIV","Muertes producto de la guerra (cantidad de personas)","VC.BTL.DETH","","","","","","","","","","","","","","","","","","","","","","","","","","","","","","","8","","","","","","","","","","","","661","140","47","","","","","","","98","","","","","","","","","","","","","","",
"Camerún","CMR","Muertes producto de la guerra (cantidad de personas)","VC.BTL.DETH","","","","","","","","","","","","","","","","","","","","","","","","","","","","","","","","","","","","","56","","","","","","","","","","","","","","","","","","969","924","181","98","752","693","429","581","406","358","231","",
"Congo, República Democrática del","COD","Muertes producto de la guerra (cantidad de personas)","VC.BTL.DETH","","","","","","","","","","","","","","","","","","","","","","","","","","","","","","","","","","","1","","1371","4599","3431","3282","1473","501","100","","","34","177","632","767","1961","300","324","804","1532","993","197","794","3632","817","766","1200","1019","1723","689","1138","",
"Congo, República del","COG","Muertes producto de la guerra (cantidad de personas)","VC.BTL.DETH","","","","","","","","","","","","","","","","","","","","","","","","","","","","","","","","","","53","","","","10000","3272","626","","","167","","","","","","","","","","","","","","73","","","0","0","","3","","","",
"Colombia","COL","Muertes producto de la guerra (cantidad de personas)","VC.BTL.DETH","","","","","","","","","","","","","","","","","","","","","","","","","","","","","","238","501","725","1479","182","1123","823","1192","560","939","1578","1879","1864","3387","2086","1360","1561","503","316","232","379","419","202","211","140","119","134","30","","131","115","23","113","122","89","225","",
"Comoras","COM","Muertes producto de la guerra (cantidad de personas)","VC.BTL.DETH","","","","","","","","","","","","","","","","","","","","","","","","","","","","","","29","","","","","","","","56","","","","","","","","","","","","","","","","","","","","","","","","","","","","",
"Cabo Verde","CPV","Muertes producto de la guerra (cantidad de personas)","VC.BTL.DETH","","","","","","","","","","","","","","","","","","","","","","","","","","","","","","","","","","","","","","","","","","","","","","","","","","","","","","","","","","","","","","","","","","",
"Costa Rica","CRI","Muertes producto de la guerra (cantidad de personas)","VC.BTL.DETH","","","","","","","","","","","","","","","","","","","","","","","","","","","","","","","","","","","","","","","","","","","","","","","","","","","","","","","","","","","","","","","","","","",
"Estados pequeos del Caribe","CSS","Muertes producto de la guerra (cantidad de personas)","VC.BTL.DETH","","","","","","","","","","","","","","","","","","","","","","","","","","","","","","","","","","","","","","","","","","","","","","","","","","","","","","","","","","","","","","","","","","",
"Cuba","CUB","Muertes producto de la guerra (cantidad de personas)","VC.BTL.DETH","","","","","","","","","","","","","","","","","","","","","","","","","","","","","","","","","","","","","","","","","","","","","","","","","","","","","","","","","","","","","","","","","","",
"Curacao","CUW","Muertes producto de la guerra (cantidad de personas)","VC.BTL.DETH","","","","","","","","","","","","","","","","","","","","","","","","","","","","","","","","","","","","","","","","","","","","","","","","","","","","","","","","","","","","","","","","","","",
"Islas Caimán","CYM","Muertes producto de la guerra (cantidad de personas)","VC.BTL.DETH","","","","","","","","","","","","","","","","","","","","","","","","","","","","","","","","","","","","","","","","","","","","","","","","","","","","","","","","","","","","","","","","","","",
"Chipre","CYP","Muertes producto de la guerra (cantidad de personas)","VC.BTL.DETH","","","","","","","","","","","","","","","","","","","","","","","","","","","","","","","","","","","","","","","","","","","","","","","","","","","","","","","","","","","","","","","","","","",
"República Checa","CZE","Muertes producto de la guerra (cantidad de personas)","VC.BTL.DETH","","","","","","","","","","","","","","","","","","","","","","","","","","","","","","","","","","","","","","","","","","","","","","","","","","","","","","","","","","","","","","","","","","",
"Alemania","DEU","Muertes producto de la guerra (cantidad de personas)","VC.BTL.DETH","","","","","","","","","","","","","","","","","","","","","","","","","","","","","","3","1","","","","","","","","","","","","","","","","","","","","","","","","","","","","","","","","","","","",
"Djibouti","DJI","Muertes producto de la guerra (cantidad de personas)","VC.BTL.DETH","","","","","","","","","","","","","","","","","","","","","","","","","","","","","","6","60","60","129","33","39","","","","","25","","","","","","","","","35","","","","","","","","","","","","","","","","","",
"Dominica","DMA","Muertes producto de la guerra (cantidad de personas)","VC.BTL.DETH","","","","","","","","","","","","","","","","","","","","","","","","","","","","","","","","","","","","","","","","","","","","","","","","","","","","","","","","","","","","","","","","","","",
"Dinamarca","DNK","Muertes producto de la guerra (cantidad de personas)","VC.BTL.DETH","","","","","","","","","","","","","","","","","","","","","","","","","","","","","","","","","","","","","","","","","","","","","","","","","","","","","","","","","","","","","","","","","","",
"República Dominicana","DOM","Muertes producto de la guerra (cantidad de personas)","VC.BTL.DETH","","","","","","","","","","","","","","","","","","","","","","","","","","","","","","","","","","","","","","","","","","","","","","","","","","","","","","","","","","","","","","","","","","",
"Argelia","DZA","Muertes producto de la guerra (cantidad de personas)","VC.BTL.DETH","","","","","","","","","","","","","","","","","","","","","","","","","","","","","","","","34","257","800","1916","3008","1084","1403","3029","1031","947","642","539","670","397","217","255","472","339","505","236","267","256","147","107","110","86","60","33","","26","","","","","",
"Asia oriental y el Pacífico (excluido altos ingresos)","EAP","Muertes producto de la guerra (cantidad de personas)","VC.BTL.DETH","","","","","","","","","","","","","","","","","","","","","","","","","","","","","","","","","","","","","","","","","","","","","","","","","711","1227","","","","","","1263","","","","","","","","2772","","",
"inicial del dividendo demográfico","EAR","Muertes producto de la guerra (cantidad de personas)","VC.BTL.DETH","","","","","","","","","","","","","","","","","","","","","","","","","","","","","","","58542","20252","12290","7820","13025","","10302","7332","9527","35669","55227","6442","8628","6321","6536","4255","3968","","","","","","","","","","53908","33144","20851","14664","35208","152165","170838","35016","32808","",
"Asia oriental y el Pacífico","EAS","Muertes producto de la guerra (cantidad de personas)","VC.BTL.DETH","","","","","","","","","","","","","","","","","","","","","","","","","","","","","","","","","","","","","","","","","","","","","","","","","711","1227","","","","","","1263","","","","","","","","2772","","",
"Europa y Asia central (excluido altos ingresos)","ECA","Muertes producto de la guerra (cantidad de personas)","VC.BTL.DETH","","","","","","","","","","","","","","","","","","","","","","","","","","","","","","","","","","","","","","","","","","","","","","","","","","","","","","","","","","","","","","","","","","",
"Europa y Asia central","ECS","Muertes producto de la guerra (cantidad de personas)","VC.BTL.DETH","","","","","","","","","","","","","","","","","","","","","","","","","","","","","","","","","","","","","","","","","","","","","","","","","","","","","","","","","","","","","","","","","","",
"Ecuador","ECU","Muertes producto de la guerra (cantidad de personas)","VC.BTL.DETH","","","","","","","","","","","","","","","","","","","","","","","","","","","","","","","","","","","","11","","","","","","","","","","","","","50","","","","","","","","","","","2","","","","","","",
"Egipto, República Árabe de","EGY","Muertes producto de la guerra (cantidad de personas)","VC.BTL.DETH","","","","","","","","","","","","","","","","","","","","","","","","","","","","","","","","","","103","145","187","85","66","27","","","","","","","","","","","","","","","","184","767","355","497","680","637","527","112","231","","","",
"Zona del Euro","EMU","Muertes producto de la guerra (cantidad de personas)","VC.BTL.DETH","","","","","","","","","","","","","","","","","","","","","","","","","","","","","","","","","","","","","","","","","","","","","","","","","","","","","","","","","","","","","","","","","","",
"Eritrea","ERI","Muertes producto de la guerra (cantidad de personas)","VC.BTL.DETH","","","","","","","","","","","","","","","","","","","","","","","","","","","","","","","","","","","","","","31","10","17203","1793","","","57","","","","","","","","","","","","","25","","","","","","4","","","",
"España","ESP","Muertes producto de la guerra (cantidad de personas)","VC.BTL.DETH","","","","","","","","","","","","","","","","","","","","","","","","","","","","","","","","45","","","","","","","","","","","","","","","","","","","","","","","","","","","","","","","","","","",
"Estonia","EST","Muertes producto de la guerra (cantidad de personas)","VC.BTL.DETH","","","","","","","","","","","","","","","","","","","","","","","","","","","","","","","","","","","","","","","","","","","","","","","","","","","","","","","","","","","","","","","","","","",
"Etiopía","ETH","Muertes producto de la guerra (cantidad de personas)","VC.BTL.DETH","","","","","","","","","","","","","","","","","","","","","","","","","","","","","","24358","49698","12225","165","36","75","29","52","","1040","30704","48257","40","50","50","50","83","50","177","50","515","151","51","50","77","25","49","50","","","67","20916","124550","163210","1688","2824","",
"Unión Europea","EUU","Muertes producto de la guerra (cantidad de personas)","VC.BTL.DETH","","","","","","","","","","","","","","","","","","","","","","","","","","","","","","","","","","","","","","","","","","","","","","","","","","","","","","","","","","","","","","","","","","",
"Frágiles y situaciones de conflicto afectados","FCS","Muertes producto de la guerra (cantidad de personas)","VC.BTL.DETH","","","","","","","","","","","","","","","","","","","","","","","","","","","","","","","","","","","","","","","","","","","","","","","","","","12753","","19576","68141","89806","108707","98910","86125","67735","51934","50087","63041","197773","274411","101589","96485","",
"Finlandia","FIN","Muertes producto de la guerra (cantidad de personas)","VC.BTL.DETH","","","","","","","","","","","","","","","","","","","","","","","","","","","","","","","","","","","","","","","","","","","","","","","","","","","","","","","","","","","","","","","","","","",
"Fiji","FJI","Muertes producto de la guerra (cantidad de personas)","VC.BTL.DETH","","","","","","","","","","","","","","","","","","","","","","","","","","","","","","","","","","","","","","","","","","","","","","","","","","","","","","","","","","","","","","","","","","",
"Francia","FRA","Muertes producto de la guerra (cantidad de personas)","VC.BTL.DETH","","","","","","","","","","","","","","","","","","","","","","","","","","","","","","","","","0","","","","0","","","","","","","","","","","","","","","","","","","3","","2","4","","","","","","","",
"Islas Feroe","FRO","Muertes producto de la guerra (cantidad de personas)","VC.BTL.DETH","","","","","","","","","","","","","","","","","","","","","","","","","","","","","","","","","","","","","","","","","","","","","","","","","","","","","","","","","","","","","","","","","","",
"Micronesia (Estados Federados de)","FSM","Muertes producto de la guerra (cantidad de personas)","VC.BTL.DETH","","","","","","","","","","","","","","","","","","","","","","","","","","","","","","","","","","","","","","","","","","","","","","","","","","","","","","","","","","","","","","","","","","",
"Gabón","GAB","Muertes producto de la guerra (cantidad de personas)","VC.BTL.DETH","","","","","","","","","","","","","","","","","","","","","","","","","","","","","","","","","","","","","","","","","","","","","","","","","","","","","","","","","","","","","","","","","","",
"Reino Unido","GBR","Muertes producto de la guerra (cantidad de personas)","VC.BTL.DETH","","","","","","","","","","","","","","","","","","","","","","","","","","","","","","35","41","26","","","","","","","29","","","","","","","","","","","","","","","","","","","","","1","","","","","","",
"Georgia","GEO","Muertes producto de la guerra (cantidad de personas)","VC.BTL.DETH","","","","","","","","","","","","","","","","","","","","","","","","","","","","","","","","52","771","1763","","","","","","","","","0","","27","","","","621","","","","","","","","","","","","","","","","","",
"Ghana","GHA","Muertes producto de la guerra (cantidad de personas)","VC.BTL.DETH","","","","","","","","","","","","","","","","","","","","","","","","","","","","","","","","","","","","","","","","","","","","","","","","","","","","","","","","","","","","","","","","","","",
"Gibraltar","GIB","Muertes producto de la guerra (cantidad de personas)","VC.BTL.DETH","","","","","","","","","","","","","","","","","","","","","","","","","","","","","","","","","","","","","","","","","","","","","","","","","","","","","","","","","","","","","","","","","","",
"Guinea","GIN","Muertes producto de la guerra (cantidad de personas)","VC.BTL.DETH","","","","","","","","","","","","","","","","","","","","","","","","","","","","","","","","","","","","","","","","","217","430","","","","","","","","","","","","","","","","","","","","","","","","",
"Gambia","GMB","Muertes producto de la guerra (cantidad de personas)","VC.BTL.DETH","","","","","","","","","","","","","","","","","","","","","","","","","","","","","","","","","","","","","","","","","","","","","","","","","","","","","","","","","","","","","","","","","","",
"Guinea-Bissau","GNB","Muertes producto de la guerra (cantidad de personas)","VC.BTL.DETH","","","","","","","","","","","","","","","","","","","","","","","","","","","","","","","","","2","","","","","","505","199","0","","","","","","","","","","","","","","","","","","","","","","","","","",
"Guinea Ecuatorial","GNQ","Muertes producto de la guerra (cantidad de personas)","VC.BTL.DETH","","","","","","","","","","","","","","","","","","","","","","","","","","","","","","","","","","","","","","","","","","","","","","","","","","","","","","","","","","","","","","","","","","",
"Grecia","GRC","Muertes producto de la guerra (cantidad de personas)","VC.BTL.DETH","","","","","","","","","","","","","","","","","","","","","","","","","","","","","","","","","","","","","","","","","","","","","","","","","","","","","","","","","","","","","","","","","","",
"Granada","GRD","Muertes producto de la guerra (cantidad de personas)","VC.BTL.DETH","","","","","","","","","","","","","","","","","","","","","","","","","","","","","","","","","","","","","","","","","","","","","","","","","","","","","","","","","","","","","","","","","","",
"Groenlandia","GRL","Muertes producto de la guerra (cantidad de personas)","VC.BTL.DETH","","","","","","","","","","","","","","","","","","","","","","","","","","","","","","","","","","","","","","","","","","","","","","","","","","","","","","","","","","","","","","","","","","",
"Guatemala","GTM","Muertes producto de la guerra (cantidad de personas)","VC.BTL.DETH","","","","","","","","","","","","","","","","","","","","","","","","","","","","","","82","83","72","67","58","37","27","","","","","","","","","","","","","","","","","","","","","","","","","","","","","","",
"Guam","GUM","Muertes producto de la guerra (cantidad de personas)","VC.BTL.DETH","","","","","","","","","","","","","","","","","","","","","","","","","","","","","","","","","","","","","","","","","","","","","","","","","","","","","","","","","","","","","","","","","","",
"Guyana","GUY","Muertes producto de la guerra (cantidad de personas)","VC.BTL.DETH","","","","","","","","","","","","","","","","","","","","","","","","","","","","","","","","","","","","","","","","","","","","","","","","","","","","","","","","","","","","","","","","","","",
"Ingreso alto","HIC","Muertes producto de la guerra (cantidad de personas)","VC.BTL.DETH","","","","","","","","","","","","","","","","","","","","","","","","","","","","","","","","","","","","","","","","","","","","","","","","","","","","","","","","","","","","","","","","","","",
"Hong Kong, Región Administrativa Especial","HKG","Muertes producto de la guerra (cantidad de personas)","VC.BTL.DETH","","","","","","","","","","","","","","","","","","","","","","","","","","","","","","","","","","","","","","","","","","","","","","","","","","","","","","","","","","","","","","","","","","",
"Honduras","HND","Muertes producto de la guerra (cantidad de personas)","VC.BTL.DETH","","","","","","","","","","","","","","","","","","","","","","","","","","","","","","","","","","","","","","","","","","","","","","","","","","","","","","","","","","","","","","","","","","",
"Países pobres muy endeudados (PPME)","HPC","Muertes producto de la guerra (cantidad de personas)","VC.BTL.DETH","","","","","","","","","","","","","","","","","","","","","","","","","","","","","","","","","","","","","","","","","","","","","","","","","","","","","","","","","","","","","","","","","","",
"Croacia","HRV","Muertes producto de la guerra (cantidad de personas)","VC.BTL.DETH","","","","","","","","","","","","","","","","","","","","","","","","","","","","","","","","","142","345","","826","","","","","","","","","","","","","","","","","","","","","","","","","","","","","","",
"Haití","HTI","Muertes producto de la guerra (cantidad de personas)","VC.BTL.DETH","","","","","","","","","","","","","","","","","","","","","","","","","","","","","","48","","160","","","","","","","","","","","","","207","","","","","","","","","","","","","","","","","","","","193","",
"Hungría","HUN","Muertes producto de la guerra (cantidad de personas)","VC.BTL.DETH","","","","","","","","","","","","","","","","","","","","","","","","","","","","","","","","","","","","","","","","","","","","","","","","","","","","","","","","","","","","","","","","","","",
"Sólo BIRF","IBD","Muertes producto de la guerra (cantidad de personas)","VC.BTL.DETH","","","","","","","","","","","","","","","","","","","","","","","","","","","","","","","","","","","","","","","","","","","","","","","","","6285","5121","","","","","","15647","","","","","","","","77110","","",
"BIRF y la AIF","IBT","Muertes producto de la guerra (cantidad de personas)","VC.BTL.DETH","","","","","","","","","","","","","","","","","","","","","","","","","","","","","","","","","","","","","","","","","","","","","","","","","","33910","","","","","","104351","","","","","","","","104340","","",
"total de la AIF","IDA","Muertes producto de la guerra (cantidad de personas)","VC.BTL.DETH","","","","","","","","","","","","","","","","","","","","","","","","","","","","","","","","","","","","","","","","","","","","","","","","","","","","","","","","","74957","","","","61769","","182887","","25384","",
"mezcla de la AIF","IDB","Muertes producto de la guerra (cantidad de personas)","VC.BTL.DETH","","","","","","","","","","","","","","","","","","","","","","","","","","","","","","","","","","","","","","","","","","","","","594","","","","","7321","","3288","3858","3475","7984","7735","3590","2763","2222","2347","2897","3071","2646","3698","3317","",
"Indonesia","IDN","Muertes producto de la guerra (cantidad de personas)","VC.BTL.DETH","","","","","","","","","","","","","","","","","","","","","","","","","","","","","","","72","58","39","","","","","51","30","213","286","278","466","868","935","213","","","","","","","","","","","","","28","34","31","51","46","59","57","",
"Sólo AIF","IDX","Muertes producto de la guerra (cantidad de personas)","VC.BTL.DETH","","","","","","","","","","","","","","","","","","","","","","","","","","","","","","","","","","","","","","","","","","","","","","","","","","","","","","","","","","","","","58872","","180241","","22067","",
"Isla de Man","IMN","Muertes producto de la guerra (cantidad de personas)","VC.BTL.DETH","","","","","","","","","","","","","","","","","","","","","","","","","","","","","","","","","","","","","","","","","","","","","","","","","","","","","","","","","","","","","","","","","","",
"India","IND","Muertes producto de la guerra (cantidad de personas)","VC.BTL.DETH","","","","","","","","","","","","","","","","","","","","","","","","","","","","","","1002","2393","3153","3078","1503","1178","836","833","950","881","2041","2902","1320","1903","1727","1667","1382","1373","1086","1083","1115","1028","439","416","405","473","504","637","665","824","594","584","430","310","217","437","",
"No clasificado","INX","Muertes producto de la guerra (cantidad de personas)","VC.BTL.DETH","","","","","","","","","","","","","","","","","","","","","","","","","","","","","","","","","","","","","","","","","","","","","","","","","","","","","","","","","","","","","","","","","","",
"Irlanda","IRL","Muertes producto de la guerra (cantidad de personas)","VC.BTL.DETH","","","","","","","","","","","","","","","","","","","","","","","","","","","","","","","","","","","","","","","","","","","","","","","","","","","","","","","","","","","","","","","","","","",
"Irán, República Islámica del","IRN","Muertes producto de la guerra (cantidad de personas)","VC.BTL.DETH","","","","","","","","","","","","","","","","","","","","","","","","","","","","","","","31","44","","143","","","34","37","","19","40","112","","","","28","52","86","117","133","74","219","","","","","22","27","60","31","212","27","","34","123","",
"Iraq","IRQ","Muertes producto de la guerra (cantidad de personas)","VC.BTL.DETH","","","","","","","","","","","","","","","","","","","","","","","","","","","","","","50","94","23059","340","120","241","757","607","1336","50","274","53","36","26","7927","4095","2608","3928","2217","2233","1045","1118","1043","638","1882","13168","10139","9630","10248","1294","822","902","872","993","469","396","",
"Islandia","ISL","Muertes producto de la guerra (cantidad de personas)","VC.BTL.DETH","","","","","","","","","","","","","","","","","","","","","","","","","","","","","","","","","","","","","","","","","","","","","","","","","","","","","","","","","","","","","","","","","","",
"Israel","ISR","Muertes producto de la guerra (cantidad de personas)","VC.BTL.DETH","","","","","","","","","","","","","","","","","","","","","","","","","","","","","","5","18","16","31","49","44","35","71","","","","79","244","613","308","385","123","465","276","668","696","27","78","235","","2378","","","","53","48","","269","84","26712","21440","",
"Italia","ITA","Muertes producto de la guerra (cantidad de personas)","VC.BTL.DETH","","","","","","","","","","","","","","","","","","","","","","","","","","","","","","","","","","0","","","","","","","","","","","","","","","","","","","","","","","","","","","","","","","","",
"Jamaica","JAM","Muertes producto de la guerra (cantidad de personas)","VC.BTL.DETH","","","","","","","","","","","","","","","","","","","","","","","","","","","","","","","","","","","","","","","","","","","","","","","","","","","","","","","","","","","","","","","","","","",
"Jordania","JOR","Muertes producto de la guerra (cantidad de personas)","VC.BTL.DETH","","","","","","","","","","","","","","","","","","","","","","","","","","","","","","","","","","","","","","","","","","","","","","","","","","","","","","","","1","34","","","","","","","","3","",
"Japón","JPN","Muertes producto de la guerra (cantidad de personas)","VC.BTL.DETH","","","","","","","","","","","","","","","","","","","","","","","","","","","","","","","","","","","","","","","","","","","","","","","","","","","","","","","","","","","","","","","","","","",
"Kazajstán","KAZ","Muertes producto de la guerra (cantidad de personas)","VC.BTL.DETH","","","","","","","","","","","","","","","","","","","","","","","","","","","","","","","","","","","","","","","","","","","","","","","","","","","","","","","","","","","","","","","","","","",
"Kenya","KEN","Muertes producto de la guerra (cantidad de personas)","VC.BTL.DETH","","","","","","","","","","","","","","","","","","","","","","","","","","","","","","","","","","","","","","","","18","","10","","","","","","1","","","","2","29","29","42","48","49","85","69","61","94","75","72","202","66","",
"Kirguistán","KGZ","Muertes producto de la guerra (cantidad de personas)","VC.BTL.DETH","","","","","","","","","","","","","","","","","","","","","","","","","","","","","","","","","","","","","","","","14","174","","","","","","","","","","","","","","","","","","","","","40","63","","","",
"Camboya","KHM","Muertes producto de la guerra (cantidad de personas)","VC.BTL.DETH","","","","","","","","","","","","","","","","","","","","","","","","","","","","","","814","274","220","118","274","464","694","788","415","243","","","","","","","","","","","","","10","","","","","","","","","","","","","","",
"Kiribati","KIR","Muertes producto de la guerra (cantidad de personas)","VC.BTL.DETH","","","","","","","","","","","","","","","","","","","","","","","","","","","","","","","","","","","","","","","","","","","","","","","","","","","","","","","","","","","","","","","","","","",
"Saint Kitts y Nevis","KNA","Muertes producto de la guerra (cantidad de personas)","VC.BTL.DETH","","","","","","","","","","","","","","","","","","","","","","","","","","","","","","","","","","","","","","","","","","","","","","","","","","","","","","","","","","","","","","","","","","",
"Corea, República de","KOR","Muertes producto de la guerra (cantidad de personas)","VC.BTL.DETH","","","","","","","","","","","","","","","","","","","","","","","","","","","","","","","","","","","","","","","","","","","","","","","","","","","","","","","","","","","","","","","","","","",
"Kuwait","KWT","Muertes producto de la guerra (cantidad de personas)","VC.BTL.DETH","","","","","","","","","","","","","","","","","","","","","","","","","","","","","","","1058","135","","","","","","","","","","","","","","","","","","","","","","","","","","","","","","","","","","",
"América Latina y el Caribe (excluido altos ingresos)","LAC","Muertes producto de la guerra (cantidad de personas)","VC.BTL.DETH","","","","","","","","","","","","","","","","","","","","","","","","","","","","","","","","","","","","","","","","","","","","","","","","","","","","","","","","","","","","","","","","","","",
"República Democrática Popular Lao","LAO","Muertes producto de la guerra (cantidad de personas)","VC.BTL.DETH","","","","","","","","","","","","","","","","","","","","","","","","","","","","","","30","249","","","","","","","","","","","","","","","","","","","","","","","","","","","","","","","","","","","",
"Líbano","LBN","Muertes producto de la guerra (cantidad de personas)","VC.BTL.DETH","","","","","","","","","","","","","","","","","","","","","","","","","","","","","","760","753","40","89","122","82","73","91","88","54","41","25","","","","","","1184","","","","","","","2","140","76","","74","","","","","","123","4335","",
"Liberia","LBR","Muertes producto de la guerra (cantidad de personas)","VC.BTL.DETH","","","","","","","","","","","","","","","","","","","","","","","","","","","","","","27","339","","","5","","","","","","","57","341","492","1787","","","","","","","","","","","","","","","","","","","","","","",
"Libia","LBY","Muertes producto de la guerra (cantidad de personas)","VC.BTL.DETH","","","","","","","","","","","","","","","","","","","","","","","","","","","","","","","","","","","","","","","","","","","","","","","","","","","","3762","","31","274","275","1727","404","44","1631","668","","","","2","",
"Santa Lucía","LCA","Muertes producto de la guerra (cantidad de personas)","VC.BTL.DETH","","","","","","","","","","","","","","","","","","","","","","","","","","","","","","","","","","","","","","","","","","","","","","","","","","","","","","","","","","","","","","","","","","",
"América Latina y el Caribe","LCN","Muertes producto de la guerra (cantidad de personas)","VC.BTL.DETH","","","","","","","","","","","","","","","","","","","","","","","","","","","","","","","","","","","","","","","","","","","","","","","","","","","","","","","","","","","","","","","","","","",
"Países menos desarrollados: clasificación de las Naciones Unidas","LDC","Muertes producto de la guerra (cantidad de personas)","VC.BTL.DETH","","","","","","","","","","","","","","","","","","","","","","","","","","","","","","","","","","","","","","","","","","","","","","","","","","","","","","","","","","","","","54031","","179145","","19360","",
"Países de ingreso bajo","LIC","Muertes producto de la guerra (cantidad de personas)","VC.BTL.DETH","","","","","","","","","","","","","","","","","","","","","","","","","","","","","","","","","","","","","","","","","","","","","","","","","","","","","","","","","","54068","48329","","37761","68532","14813","19377","16636","",
"Liechtenstein","LIE","Muertes producto de la guerra (cantidad de personas)","VC.BTL.DETH","","","","","","","","","","","","","","","","","","","","","","","","","","","","","","","","","","","","","","","","","","","","","","","","","","","","","","","","","","","","","","","","","","",
"Sri Lanka","LKA","Muertes producto de la guerra (cantidad de personas)","VC.BTL.DETH","","","","","","","","","","","","","","","","","","","","","","","","","","","","","","533","3622","6432","4091","2075","657","4755","3868","2880","3762","1882","2525","1144","","29","","88","1970","2494","8262","10165","","","","","","","","","","","","","","","","",
"Países de ingreso mediano bajo","LMC","Muertes producto de la guerra (cantidad de personas)","VC.BTL.DETH","","","","","","","","","","","","","","","","","","","","","","","","","","","","","","9226","12039","12925","","17912","7945","7966","9118","15626","10681","7385","9399","5719","","4565","4739","3355","6064","","","19713","","4853","5271","4703","9488","10343","5421","6211","4297","4519","4572","4966","5644","6748","10900","",
"Ingreso mediano y bajo","LMY","Muertes producto de la guerra (cantidad de personas)","VC.BTL.DETH","","","","","","","","","","","","","","","","","","","","","","","","","","","","","","","","","","","","","","","","","","","","","","","","","","32698","","","","","","104218","","","","","","","","102455","","",
"Lesotho","LSO","Muertes producto de la guerra (cantidad de personas)","VC.BTL.DETH","","","","","","","","","","","","","","","","","","","","","","","","","","","","","","","","","","","","","","","78","","","","","","","","","","","","","","","","","","","","","","","","","","","",
"avanzada del dividendo demográfico","LTE","Muertes producto de la guerra (cantidad de personas)","VC.BTL.DETH","","","","","","","","","","","","","","","","","","","","","","","","","","","","","","","","","","","","","","","","","","","","","","","","","9733","11381","","","","","","487","","","","","","","","902","","",
"Lituania","LTU","Muertes producto de la guerra (cantidad de personas)","VC.BTL.DETH","","","","","","","","","","","","","","","","","","","","","","","","","","","","","","","","","","","","","","","","","","","","","","","","","","","","","","","","","","","","","","","","","","",
"Luxemburgo","LUX","Muertes producto de la guerra (cantidad de personas)","VC.BTL.DETH","","","","","","","","","","","","","","","","","","","","","","","","","","","","","","","","","","","","","","","","","","","","","","","","","","","","","","","","","","","","","","","","","","",
"Letonia","LVA","Muertes producto de la guerra (cantidad de personas)","VC.BTL.DETH","","","","","","","","","","","","","","","","","","","","","","","","","","","","","","","","","","","","","","","","","","","","","","","","","","","","","","","","","","","","","","","","","","",
"Región Administrativa Especial de Macao, China","MAC","Muertes producto de la guerra (cantidad de personas)","VC.BTL.DETH","","","","","","","","","","","","","","","","","","","","","","","","","","","","","","","","","","","","","","","","","","","","","","","","","","","","","","","","","","","","","","","","","","",
"Isla de San Martín (parte francesa)","MAF","Muertes producto de la guerra (cantidad de personas)","VC.BTL.DETH","","","","","","","","","","","","","","","","","","","","","","","","","","","","","","","","","","","","","","","","","","","","","","","","","","","","","","","","","","","","","","","","","","",
"Marruecos","MAR","Muertes producto de la guerra (cantidad de personas)","VC.BTL.DETH","","","","","","","","","","","","","","","","","","","","","","","","","","","","","","207","","","","","","","","","","","","","","","","","","","","","","","","","","","","","","","","","","","","",
"Mónaco","MCO","Muertes producto de la guerra (cantidad de personas)","VC.BTL.DETH","","","","","","","","","","","","","","","","","","","","","","","","","","","","","","207","","","","","","","","","","","","","","","","","","","","","","","","","","","","","","","","","","","","",
"República de Moldova","MDA","Muertes producto de la guerra (cantidad de personas)","VC.BTL.DETH","","","","","","","","","","","","","","","","","","","","","","","","","","","","","","","","","585","","","","","","","","","","","","","","","","","","","","","","","","","","","","","","","","","",
"Madagascar","MDG","Muertes producto de la guerra (cantidad de personas)","VC.BTL.DETH","","","","","","","","","","","","","","","","","","","","","","","","","","","","","","","","","","","","","","","","","","","","","","","","","","","","","","","","","","","","","","","","","","",
"Maldivas","MDV","Muertes producto de la guerra (cantidad de personas)","VC.BTL.DETH","","","","","","","","","","","","","","","","","","","","","","","","","","","","","","","","","","","","","","","","","","","","","","","","","","","","","","","","","","","","","","","","","","",
"Oriente Medio, Norte de África, Afganistán y Pakistán","MEA","Muertes producto de la guerra (cantidad de personas)","VC.BTL.DETH","","","","","","","","","","","","","","","","","","","","","","","","","","","","","","","","","","5441","","","5196","9371","","","","","","","","","","","","","","17981","","","99631","89743","78777","59250","45964","43549","34339","62363","","31093","","",
"México","MEX","Muertes producto de la guerra (cantidad de personas)","VC.BTL.DETH","","","","","","","","","","","","","","","","","","","","","","","","","","","","","","","","","","","145","","37","","","","","","","","","","","","","","","","","","","","","","","","","","","","","",
"Islas Marshall","MHL","Muertes producto de la guerra (cantidad de personas)","VC.BTL.DETH","","","","","","","","","","","","","","","","","","","","","","","","","","","","","","","","","","","","","","","","","","","","","","","","","","","","","","","","","","","","","","","","","","",
" Ingreso mediano","MIC","Muertes producto de la guerra (cantidad de personas)","VC.BTL.DETH","","","","","","","","","","","","","","","","","","","","","","","","","","","","","","","","","","","","","","","","","","","","","","","","","","22103","","","","","","23927","","","","","","","","83078","","",
"Macedonia del Norte","MKD","Muertes producto de la guerra (cantidad de personas)","VC.BTL.DETH","","","","","","","","","","","","","","","","","","","","","","","","","","","","","","","","","","","","","","","","","","72","","","","","","","","","","","","","","","","","","","","","","","","",
"Malí","MLI","Muertes producto de la guerra (cantidad de personas)","VC.BTL.DETH","","","","","","","","","","","","","","","","","","","","","","","","","","","","","","","457","59","","","106","","","","","","","","","","","12","","39","112","126","28","","218","805","189","172","97","359","521","603","583","726","1440","1238","1008","",
"Malta","MLT","Muertes producto de la guerra (cantidad de personas)","VC.BTL.DETH","","","","","","","","","","","","","","","","","","","","","","","","","","","","","","","","","","","","0","","","","","","","","","","","","","","","","","","","","","","","","","","","","","","",
"Myanmar","MMR","Muertes producto de la guerra (cantidad de personas)","VC.BTL.DETH","","","","","","","","","","","","","","","","","","","","","","","","","","","","","","1498","536","777","1617","130","685","317","229","323","61","25","215","193","271","38","27","139","244","348","46","193","150","713","702","278","187","629","118","517","99","558","168","1031","2036","2439","2332","",
"Oriente Medio y Norte de África (excluido altos ingresos)","MNA","Muertes producto de la guerra (cantidad de personas)","VC.BTL.DETH","","","","","","","","","","","","","","","","","","","","","","","","","","","","","","","","","","5392","12923","","5125","9371","","","","","","","","","","","11835","15034","14544","17903","","","97253","89662","78657","59205","45900","43496","34339","62088","6654","4372","10303","",
"Montenegro","MNE","Muertes producto de la guerra (cantidad de personas)","VC.BTL.DETH","","","","","","","","","","","","","","","","","","","","","","","","","","","","","","","","","","","","","","","","","","","","","","","","","","","","","","","","","","","","","","","","","","",
"Mongolia","MNG","Muertes producto de la guerra (cantidad de personas)","VC.BTL.DETH","","","","","","","","","","","","","","","","","","","","","","","","","","","","","","","","","","","","","","","","","","","","","","","","","","","","","","","","","","","","","","","","","","",
"Mariana","MNP","Muertes producto de la guerra (cantidad de personas)","VC.BTL.DETH","","","","","","","","","","","","","","","","","","","","","","","","","","","","","","","","","","","","","","","","","","","","","","","","","","","","","","","","","","","","","","","","","","",
"Mozambique","MOZ","Muertes producto de la guerra (cantidad de personas)","VC.BTL.DETH","","","","","","","","","","","","","","","","","","","","","","","","","","","","","","1149","1577","1326","309","","","","","","","","","","","","","","","","","","","","","42","30","","55","","51","291","939","867","378","176","151","",
"Mauritania","MRT","Muertes producto de la guerra (cantidad de personas)","VC.BTL.DETH","","","","","","","","","","","","","","","","","","","","","","","","","","","","","","","","","","","","","","","","","","","","","","","","","","","1","","","","","","","","","","","","","","3","",
"Mauricio","MUS","Muertes producto de la guerra (cantidad de personas)","VC.BTL.DETH","","","","","","","","","","","","","","","","","","","","","","","","","","","","","","","","","","","","","","","","","","","","","","","","","","","","","","","","","","","","","","","","","","",
"Malawi","MWI","Muertes producto de la guerra (cantidad de personas)","VC.BTL.DETH","","","","","","","","","","","","","","","","","","","","","","","","","","","","","","","","","","","","","","","","","","","","","","","","","","","","","","","","","","","","","","","","","","",
"Malasia","MYS","Muertes producto de la guerra (cantidad de personas)","VC.BTL.DETH","","","","","","","","","","","","","","","","","","","","","","","","","","","","","","","","","","","","","","","","","","","","","","","","","","","","","","70","","","","1","","","","","","","","",
"América del Norte","NAC","Muertes producto de la guerra (cantidad de personas)","VC.BTL.DETH","","","","","","","","","","","","","","","","","","","","","","","","","","","","","","","","","","","","","","","","","","233","","","","","","","","","","","","","","","","","","","","","","","","",
"Namibia","NAM","Muertes producto de la guerra (cantidad de personas)","VC.BTL.DETH","","","","","","","","","","","","","","","","","","","","","","","","","","","","","","","","","","","","","","","","1","54","","","","","","","","","","","","","","","","","","","","","","","","","",
"Nueva Caledonia","NCL","Muertes producto de la guerra (cantidad de personas)","VC.BTL.DETH","","","","","","","","","","","","","","","","","","","","","","","","","","","","","","","","","","","","","","","","","","","","","","","","","","","","","","","","","","","","","","","","","","",
"Níger","NER","Muertes producto de la guerra (cantidad de personas)","VC.BTL.DETH","","","","","","","","","","","","","","","","","","","","","","","","","","","","","","","","40","29","","50","34","","62","","","","","","","4","","","81","47","","","","","31","","368","274","229","74","298","535","459","516","337","952","",
"Nigeria","NGA","Muertes producto de la guerra (cantidad de personas)","VC.BTL.DETH","","","","","","","","","","","","","","","","","","","","","","","","","","","","","","","","","","","","","","","","","","","","","151","","","","","405","","325","811","1629","3819","4637","2491","1879","1173","1326","2001","1999","1535","2084","1486","",
"Nicaragua","NIC","Muertes producto de la guerra (cantidad de personas)","VC.BTL.DETH","","","","","","","","","","","","","","","","","","","","","","","","","","","","","","526","39","","","","","","","","","","","","","","","","","","","","","","","","","","","","","","","","","","","",
"Países Bajos","NLD","Muertes producto de la guerra (cantidad de personas)","VC.BTL.DETH","","","","","","","","","","","","","","","","","","","","","","","","","","","","","","","2","","","","","","","","","","","","","","","","","","","","","","","","","","","","","","","","","","","",
"Noruega","NOR","Muertes producto de la guerra (cantidad de personas)","VC.BTL.DETH","","","","","","","","","","","","","","","","","","","","","","","","","","","","","","","","","","","","","","","","","","","","","","","","","","","","","","","","","","","","","","","","","","",
"Nepal","NPL","Muertes producto de la guerra (cantidad de personas)","VC.BTL.DETH","","","","","","","","","","","","","","","","","","","","","","","","","","","","","","","","","","","","","44","40","250","156","268","429","3946","1341","1880","1104","457","","","","","","","","","","","","","","","","","","","",
"Nauru","NRU","Muertes producto de la guerra (cantidad de personas)","VC.BTL.DETH","","","","","","","","","","","","","","","","","","","","","","","","","","","","","","","","","","","","","","","","","","","","","","","","","","","","","","","","","","","","","","","","","","",
"Nueva Zelandia","NZL","Muertes producto de la guerra (cantidad de personas)","VC.BTL.DETH","","","","","","","","","","","","","","","","","","","","","","","","","","","","","","","","","","","","","","","","","","","","","","","","","","","","","","","","","","","","","","","","","","",
"Miembros OCDE","OED","Muertes producto de la guerra (cantidad de personas)","VC.BTL.DETH","","","","","","","","","","","","","","","","","","","","","","","","","","","","","","","","","","","","","","","","","","","","","","","","","","","","","","","","","","","","","","","","","","",
"Omán","OMN","Muertes producto de la guerra (cantidad de personas)","VC.BTL.DETH","","","","","","","","","","","","","","","","","","","","","","","","","","","","","","","","","","","","","","","","","","","","","","","","","","","","","","","","","","","","","","","","","","",
"Otros Estados pequeos","OSS","Muertes producto de la guerra (cantidad de personas)","VC.BTL.DETH","","","","","","","","","","","","","","","","","","","","","","","","","","","","","","","","","","","","","","","","","","","","","","","","","","","","","","","","","","","","","","","","","","",
"Pakistán","PAK","Muertes producto de la guerra (cantidad de personas)","VC.BTL.DETH","","","","","","","","","","","","","","","","","","","","","","","","","","","","","","","73","27","","0","74","69","47","45","52","32","116","36","148","175","359","110","419","759","3538","6916","6077","2863","3018","1817","3154","2126","796","701","228","267","373","416","630","1054","1534","",
"Panamá","PAN","Muertes producto de la guerra (cantidad de personas)","VC.BTL.DETH","","","","","","","","","","","","","","","","","","","","","","","","","","","","","","920","","","","","","","","","","","","","","","","","","","","","","","","","","","","","","","","","","","","",
"Perú","PER","Muertes producto de la guerra (cantidad de personas)","VC.BTL.DETH","","","","","","","","","","","","","","","","","","","","","","","","","","","","","","1827","1099","1138","1042","672","253","266","80","93","25","75","","","","","","","","32","40","50","28","","","","","","","","","","5","","","","","",
"Filipinas","PHL","Muertes producto de la guerra (cantidad de personas)","VC.BTL.DETH","","","","","","","","","","","","","","","","","","","","","","","","","","","","","","937","1316","1515","430","253","265","152","180","302","93","199","1567","1001","662","1051","339","470","360","439","481","894","332","350","295","514","470","572","550","1623","420","309","348","266","219","243","176","",
"Palau","PLW","Muertes producto de la guerra (cantidad de personas)","VC.BTL.DETH","","","","","","","","","","","","","","","","","","","","","","","","","","","","","","","","","","","","","","","","","","","","","","","","","","","","","","","","","","","","","","","","","","",
"Papua Nueva Guinea","PNG","Muertes producto de la guerra (cantidad de personas)","VC.BTL.DETH","","","","","","","","","","","","","","","","","","","","","","","","","","","","","","","55","","33","34","26","29","78","","","","","","","","","","","","","","","","","","","","","","","","","","","","","",
"Polonia","POL","Muertes producto de la guerra (cantidad de personas)","VC.BTL.DETH","","","","","","","","","","","","","","","","","","","","","","","","","","","","","","","","","","","","","","","","","","","","","","","","","","","","","","","","","","","","","","","2","","","",
"previa al dividendo demográfico","PRE","Muertes producto de la guerra (cantidad de personas)","VC.BTL.DETH","","","","","","","","","","","","","","","","","","","","","","","","","","","","","","","","","","","","","","","","","","","","","","","","","","","","","","","","","","38223","","37438","30077","47185","13985","20063","15269","",
"Puerto Rico (US)","PRI","Muertes producto de la guerra (cantidad de personas)","VC.BTL.DETH","","","","","","","","","","","","","","","","","","","","","","","","","","","","","","","","","","","","","","","","","","","","","","","","","","","","","","","","","","","","","","","","","","",
"Corea, República Popular Democrática de","PRK","Muertes producto de la guerra (cantidad de personas)","VC.BTL.DETH","","","","","","","","","","","","","","","","","","","","","","","","","","","","","","","","","","","","","","","","","","","","","","","","","","","","","","","","","","","","","","","","","","",
"Portugal","PRT","Muertes producto de la guerra (cantidad de personas)","VC.BTL.DETH","","","","","","","","","","","","","","","","","","","","","","","","","","","","","","","","","","","","","","","","","","","","","","","","","","","","","","","","","","","","","","","","","","",
"Paraguay","PRY","Muertes producto de la guerra (cantidad de personas)","VC.BTL.DETH","","","","","","","","","","","","","","","","","","","","","","","","","","","","","","150","","","","","","","","","","","","","","","","","","","","","","","","","","","","","","","","","","","","",
"Ribera Occidental y Gaza","PSE","Muertes producto de la guerra (cantidad de personas)","VC.BTL.DETH","","","","","","","","","","","","","","","","","","","","","","","","","","","","","","","","","","","","","","","","","","","","","","","","","","","","","","","","","","","","","","","","","","",
"Estados pequeos de las Islas del Pacfico","PSS","Muertes producto de la guerra (cantidad de personas)","VC.BTL.DETH","","","","","","","","","","","","","","","","","","","","","","","","","","","","","","","","","","","","","","","","","","","","","","","","","","","","","","","","","","","","","","","","","","",
"posterior al dividendo demográfico","PST","Muertes producto de la guerra (cantidad de personas)","VC.BTL.DETH","","","","","","","","","","","","","","","","","","","","","","","","","","","","","","","","","","","","","","","","","","","","","","","","","","","","","","","","","","","","","","","","","","",
"Polinesia Francesa","PYF","Muertes producto de la guerra (cantidad de personas)","VC.BTL.DETH","","","","","","","","","","","","","","","","","","","","","","","","","","","","","","","","","","","","","","","","","","","","","","","","","","","","","","","","","","","","","","","","","","",
"Qatar","QAT","Muertes producto de la guerra (cantidad de personas)","VC.BTL.DETH","","","","","","","","","","","","","","","","","","","","","","","","","","","","","","","","","","","","","","","","","","","","","0","","","","","","","","","","","","","","","","","","","","","",
"Rumania","ROU","Muertes producto de la guerra (cantidad de personas)","VC.BTL.DETH","","","","","","","","","","","","","","","","","","","","","","","","","","","","","","249","","","","","","","","","","","","","","","","","","","","","","","","","","","","","","","","","","","","",
"Federación de Rusia","RUS","Muertes producto de la guerra (cantidad de personas)","VC.BTL.DETH","","","","","","","","","","","","","","","","","","","","","","","","","","","","","","","192","220","","145","229","1754","2721","","","5854","2907","791","1289","480","1151","682","259","176","404","697","418","356","516","321","174","84","69","53","30","26","32","","65","197","7670","",
"Rwanda","RWA","Muertes producto de la guerra (cantidad de personas)","VC.BTL.DETH","","","","","","","","","","","","","","","","","","","","","","","","","","","","","","","1126","153","87","353","1882","","124","985","1095","","","2044","","","","","","","","","","","13","1","","","","","","19","","","4","","1","",
"Asia meridional","SAS","Muertes producto de la guerra (cantidad de personas)","VC.BTL.DETH","","","","","","","","","","","","","","","","","","","","","","","","","","","","","","1561","6060","9610","7169","3578","1835","5591","4745","3874","4893","4079","5695","2893","5849","3097","3547","2636","3857","3580","9345","11280","1028","439","416","405","473","504","678","712","824","594","586","430","312","217","439","",
"Arabia Saudita","SAU","Muertes producto de la guerra (cantidad de personas)","VC.BTL.DETH","","","","","","","","","","","","","","","","","","","","","","","","","","","","","","","","101","","","","","","","","","","","","","58","31","11","2","","","","","","","","81","120","45","11","5","0","6","","9","","",
"Sudán","SDN","Muertes producto de la guerra (cantidad de personas)","VC.BTL.DETH","","","","","","","","","","","","","","","","","","","","","","","","","","","","","","4515","5030","1313","1083","942","337","1036","2289","3859","4891","1408","2841","3457","2312","2008","3671","246","1030","217","620","373","1054","1404","1411","594","849","1264","1309","160","243","","45","31","54","5353","4680","",
"Senegal","SEN","Muertes producto de la guerra (cantidad de personas)","VC.BTL.DETH","","","","","","","","","","","","","","","","","","","","","","","","","","","","","","","58","","76","233","","299","","319","242","","47","33","","39","","","","","","","","25","","","","","","","","","","","","","","",
"Singapur","SGP","Muertes producto de la guerra (cantidad de personas)","VC.BTL.DETH","","","","","","","","","","","","","","","","","","","","","","","","","","","","","","","","","","","","","","","","","","","","","","","","","","","","","","","","","","","","","","","","","","",
"Islas Salomón","SLB","Muertes producto de la guerra (cantidad de personas)","VC.BTL.DETH","","","","","","","","","","","","","","","","","","","","","","","","","","","","","","","","","2","","","","","","","","","","","","","","","","","","","","","","","","","","","","","","","","","",
"Sierra Leona","SLE","Muertes producto de la guerra (cantidad de personas)","VC.BTL.DETH","","","","","","","","","","","","","","","","","","","","","","","","","","","","","","","","552","218","410","628","1472","570","748","3287","3153","382","50","","","","","","","","","","","","","","","","","","","","","","","","",
"El Salvador","SLV","Muertes producto de la guerra (cantidad de personas)","VC.BTL.DETH","","","","","","","","","","","","","","","","","","","","","","","","","","","","","","4924","849","88","","","","","","","","","","","","","","","","","","","","","","","","","","","","","","","","","","",
"San Marino","SMR","Muertes producto de la guerra (cantidad de personas)","VC.BTL.DETH","","","","","","","","","","","","","","","","","","","","","","","","","","","","","","","","","","","","","","","","","","","","","","","","","","","","","","","","","","","","","","","","","","",
"República Federal de Somalia","SOM","Muertes producto de la guerra (cantidad de personas)","VC.BTL.DETH","","","","","","","","","","","","","","","","","","","","","","","","","","","","","","373","2650","8005","1154","25","237","104","440","","","25","","228","114","","0","","547","1575","1521","1477","2150","1937","2624","913","1111","1201","1933","1918","2204","1943","1942","2174","3032","3847","2284","",
"Serbia","SRB","Muertes producto de la guerra (cantidad de personas)","VC.BTL.DETH","","","","","","","","","","","","","","","","","","","","","","","","","","","","","","","","3022","207","","","","","","1235","1398","","0","","","","","","","","","","","","","","","","","","","","","","","","",
"África al sur del Sahara (excluido altos ingresos)","SSA","Muertes producto de la guerra (cantidad de personas)","VC.BTL.DETH","","","","","","","","","","","","","","","","","","","","","","","","","","","","","","","","","","","","","","","","","","","","","","","","","","","","","","","","","","","","","","","","","","",
"Sudán del Sur","SSD","Muertes producto de la guerra (cantidad de personas)","VC.BTL.DETH","","","","","","","","","","","","","","","","","","","","","","","","","","","","","","","","","","","","","","","","","","","","","","","","","","","","220","266","926","1674","493","735","484","526","110","58","188","","","2","",
"África al sur del Sahara","SSF","Muertes producto de la guerra (cantidad de personas)","VC.BTL.DETH","","","","","","","","","","","","","","","","","","","","","","","","","","","","","","","","","","","","","","","","","","","","","","","","","","","","","","","","","","","","","29616","","175289","","17438","",
"Pequeños Estados","SST","Muertes producto de la guerra (cantidad de personas)","VC.BTL.DETH","","","","","","","","","","","","","","","","","","","","","","","","","","","","","","","","","","","","","","","","","","","","","","","","","","","","","","","","","","","","","","","","","","",
"Santo Tomé y Príncipe","STP","Muertes producto de la guerra (cantidad de personas)","VC.BTL.DETH","","","","","","","","","","","","","","","","","","","","","","","","","","","","","","","","","","","","","","","","","","","","","","","","","","","","","","","","","","","","","","","","","","",
"Suriname","SUR","Muertes producto de la guerra (cantidad de personas)","VC.BTL.DETH","","","","","","","","","","","","","","","","","","","","","","","","","","","","","","","","","","","","","","","","","","","","","","","","","","","","","","","","","","","","","","","","","","",
"República Eslovaca","SVK","Muertes producto de la guerra (cantidad de personas)","VC.BTL.DETH","","","","","","","","","","","","","","","","","","","","","","","","","","","","","","","","","","","","","","","","","","","","","","","","","","","","","","","","","","","","","","","","","","",
"Eslovenia","SVN","Muertes producto de la guerra (cantidad de personas)","VC.BTL.DETH","","","","","","","","","","","","","","","","","","","","","","","","","","","","","","","","","","","","","","","","","","","","","","","","","","","","","","","","","","","","","","","","","","",
"Suecia","SWE","Muertes producto de la guerra (cantidad de personas)","VC.BTL.DETH","","","","","","","","","","","","","","","","","","","","","","","","","","","","","","","","","","","","","","","","","","","","","","","","","","","","","","","","","","","","","","","","","","",
"Eswatini","SWZ","Muertes producto de la guerra (cantidad de personas)","VC.BTL.DETH","","","","","","","","","","","","","","","","","","","","","","","","","","","","","","","","","","","","","","","","","","","","","","","","","","","","","","","","","","","","","","","","","","",
"Sint Maarten (Dutch part)","SXM","Muertes producto de la guerra (cantidad de personas)","VC.BTL.DETH","","","","","","","","","","","","","","","","","","","","","","","","","","","","","","","","","","","","","","","","","","","","","","","","","","","","","","","","","","","","","","","","","","",
"Seychelles","SYC","Muertes producto de la guerra (cantidad de personas)","VC.BTL.DETH","","","","","","","","","","","","","","","","","","","","","","","","","","","","","","","","","","","","","","","","","","","","","","","","","","","","","","","","","","","","","","","","","","",
"República Árabe Siria","SYR","Muertes producto de la guerra (cantidad de personas)","VC.BTL.DETH","","","","","","","","","","","","","","","","","","","","","","","","","","","","","","","","","","","","","","","","","","","","","1","","","","","","","1203","50485","72013","66066","51086","44938","25035","13246","7539","4862","1523","966","1660","2732","",
"Islas Turcas y Caicos","TCA","Muertes producto de la guerra (cantidad de personas)","VC.BTL.DETH","","","","","","","","","","","","","","","","","","","","","","","","","","","","","","","","","","","","","","","","","","","","","","","","","","","","","","","","","","","","","","","","","","",
"Chad","TCD","Muertes producto de la guerra (cantidad de personas)","VC.BTL.DETH","","","","","","","","","","","","","","","","","","","","","","","","","","","","","","50","652","68","899","120","156","","","97","34","394","989","226","294","37","52","100","1250","69","991","135","4","","","","","275","","57","150","144","196","486","35","61","69","",
"Asia oriental y el Pacífico (BIRF y la AIF)","TEA","Muertes producto de la guerra (cantidad de personas)","VC.BTL.DETH","","","","","","","","","","","","","","","","","","","","","","","","","","","","","","","","","","","","","","","","","","","","","","","","","711","1227","","","","","","1263","","","","","","","","2772","","",
"Europa y Asia central (BIRF y la AIF)","TEC","Muertes producto de la guerra (cantidad de personas)","VC.BTL.DETH","","","","","","","","","","","","","","","","","","","","","","","","","","","","","","","","","","","","","","","","","","","","","","","","","","","","","","","","","","","","","","","92099","","","",
"Togo","TGO","Muertes producto de la guerra (cantidad de personas)","VC.BTL.DETH","","","","","","","","","","","","","","","","","","","","","","","","","","","","","","","","","","","","","","","","","","","","","","","","","","","","","","","","","","","","","","","34","29","46","",
"Tailandia","THA","Muertes producto de la guerra (cantidad de personas)","VC.BTL.DETH","","","","","","","","","","","","","","","","","","","","","","","","","","","","","","4","19","","","","","","","","3","","8","22","23","26","164","208","212","197","148","138","83","162","131","189","68","57","50","43","36","55","46","38","29","30","35","",
"Tayikistán","TJK","Muertes producto de la guerra (cantidad de personas)","VC.BTL.DETH","","","","","","","","","","","","","","","","","","","","","","","","","","","","","","","","","3355","1045","356","368","2790","87","600","3","46","","","","","","","","","","98","28","","","","","","","52","49","","16","87","","","",
"Turkmenistán","TKM","Muertes producto de la guerra (cantidad de personas)","VC.BTL.DETH","","","","","","","","","","","","","","","","","","","","","","","","","","","","","","","","","","","","","","","","","","","","","","","","","","","","","","","","","","","","","","","","","","",
"América Latina y el Caribe (BIRF y la AIF)","TLA","Muertes producto de la guerra (cantidad de personas)","VC.BTL.DETH","","","","","","","","","","","","","","","","","","","","","","","","","","","","","","","","","","","","","","","","","","","","","","","","","","","","","","","","","","","","","","","","","","",
"Timor-Leste","TLS","Muertes producto de la guerra (cantidad de personas)","VC.BTL.DETH","","","","","","","","","","","","","","","","","","","","","","","","","","","","","","","","","","","","","","","","","","","","","","","","","","","","","","","","","","","","","","","","","","",
"Oriente Medio y Norte de África (BIRF y la AIF)","TMN","Muertes producto de la guerra (cantidad de personas)","VC.BTL.DETH","","","","","","","","","","","","","","","","","","","","","","","","","","","","","","","","","","5392","12923","","5125","9371","","","","","","","","","","","11835","15034","14544","17903","","","97253","89662","78657","59205","45900","43496","34339","62088","6654","4372","10303","",
"Tonga","TON","Muertes producto de la guerra (cantidad de personas)","VC.BTL.DETH","","","","","","","","","","","","","","","","","","","","","","","","","","","","","","","","","","","","","","","","","","","","","","","","","","","","","","","","","","","","","","","","","","",
"Asia meridional (BIRF y la AIF)","TSA","Muertes producto de la guerra (cantidad de personas)","VC.BTL.DETH","","","","","","","","","","","","","","","","","","","","","","","","","","","","","","1561","6060","9610","7169","3578","1835","5591","4745","3874","4893","4079","5695","2893","5849","3097","3547","2636","3857","3580","9345","11280","1028","439","416","405","473","504","678","712","824","594","586","430","312","217","439","",
"África al sur del Sahara (BIRF y la AIF)","TSS","Muertes producto de la guerra (cantidad de personas)","VC.BTL.DETH","","","","","","","","","","","","","","","","","","","","","","","","","","","","","","","","","","","","","","","","","","","","","","","","","","","","","","","","","","","","","29616","","175289","","17438","",
"Trinidad y Tobago","TTO","Muertes producto de la guerra (cantidad de personas)","VC.BTL.DETH","","","","","","","","","","","","","","","","","","","","","","","","","","","","","","","39","","","","","","","","","","","","","","","","","","","","","","","","","","","","","","","","","","","",
"Túnez","TUN","Muertes producto de la guerra (cantidad de personas)","VC.BTL.DETH","","","","","","","","","","","","","","","","","","","","","","","","","","","","","","","","","","","","","","","","","","","","","","","","","","","","","","29","50","59","71","","","","","","","","","",
"Turquía","TUR","Muertes producto de la guerra (cantidad de personas)","VC.BTL.DETH","","","","","","","","","","","","","","","","","","","","","","","","","","","","","","442","526","386","1696","2334","3952","3555","3746","2531","2023","1095","153","103","28","93","194","293","225","494","471","138","226","405","785","20","","902","1421","378","434","245","192","117","96","106","34","",
"Tuvalu","TUV","Muertes producto de la guerra (cantidad de personas)","VC.BTL.DETH","","","","","","","","","","","","","","","","","","","","","","","","","","","","","","","","","","","","","","","","","","","","","","","","","","","","","","","","","","","","","","","","","","",
"Tanzanía","TZA","Muertes producto de la guerra (cantidad de personas)","VC.BTL.DETH","","","","","","","","","","","","","","","","","","","","","","","","","","","","","","","","","","","","","","","","","","","","","","","","","","","","","","","","","","","","","25","","","","","",
"Uganda","UGA","Muertes producto de la guerra (cantidad de personas)","VC.BTL.DETH","","","","","","","","","","","","","","","","","","","","","","","","","","","","","","1022","626","857","72","","149","259","1185","738","748","341","364","108","722","633","1215","610","198","91","","","","","","","","","","0","","","","","25","","","",
"Ucrania","UKR","Muertes producto de la guerra (cantidad de personas)","VC.BTL.DETH","","","","","","","","","","","","","","","","","","","","","","","","","","","","","","","","","","","","","","","","","","","","","","","","","","","","","","","4894","1890","697","447","243","311","196","208","91478","75080","68097","",
"Ingreso mediano alto","UMC","Muertes producto de la guerra (cantidad de personas)","VC.BTL.DETH","","","","","","","","","","","","","","","","","","","","","","","","","","","","","","","","","","","","","","","","","","","","","","","","","4317","","","","","","","","","","","","","","","76330","","",
"Uruguay","URY","Muertes producto de la guerra (cantidad de personas)","VC.BTL.DETH","","","","","","","","","","","","","","","","","","","","","","","","","","","","","","","","","","","","","","","","","","","","","","","","","","","","","","","","","","","","","","","","","","",
"Estados Unidos","USA","Muertes producto de la guerra (cantidad de personas)","VC.BTL.DETH","","","","","","","","","","","","","","","","","","","","","","","","","","","","","","","","","","","","","","","","","","233","","","","","","","","","","","","","","","","","","","","","","","","",
"Uzbekistán","UZB","Muertes producto de la guerra (cantidad de personas)","VC.BTL.DETH","","","","","","","","","","","","","","","","","","","","","","","","","","","","","","","","","","","","","","","","50","297","","","","37","","","","","","","","","","","","","","","","","","","","","",
"San Vicente y las Granadinas","VCT","Muertes producto de la guerra (cantidad de personas)","VC.BTL.DETH","","","","","","","","","","","","","","","","","","","","","","","","","","","","","","","","","","","","","","","","","","","","","","","","","","","","","","","","","","","","","","","","","","",
"Venezuela","VEN","Muertes producto de la guerra (cantidad de personas)","VC.BTL.DETH","","","","","","","","","","","","","","","","","","","","","","","","","","","","","","","","","144","","","","","","","","","","","","","","","2","","","","","","","","","","","","","","","","","","",
"Islas Vírgenes Británicas","VGB","Muertes producto de la guerra (cantidad de personas)","VC.BTL.DETH","","","","","","","","","","","","","","","","","","","","","","","","","","","","","","","","","","","","","","","","","","","","","","","","","","","","","","","","","","","","","","","","","","",
"Islas Vírgenes (EE.UU.)","VIR","Muertes producto de la guerra (cantidad de personas)","VC.BTL.DETH","","","","","","","","","","","","","","","","","","","","","","","","","","","","","","","","","","","","","","","","","","","","","","","","","","","","","","","","","","","","","","","","","","",
"Viet Nam","VNM","Muertes producto de la guerra (cantidad de personas)","VC.BTL.DETH","","","","","","","","","","","","","","","","","","","","","","","","","","","","","","","","","","","","","","","","","","","","","","","","","","","","","","","","","","","","","","","","","","",
"Vanuatu","VUT","Muertes producto de la guerra (cantidad de personas)","VC.BTL.DETH","","","","","","","","","","","","","","","","","","","","","","","","","","","","","","","","","","","","","","","","","","","","","","","","","","","","","","","","","","","","","","","","","","",
"Mundo","WLD","Muertes producto de la guerra (cantidad de personas)","VC.BTL.DETH","","","","","","","","","","","","","","","","","","","","","","","","","","","","","","","","","","","","","","","","","","","","","","","","","","","","","","","","","","","","","","","","","","",
"Samoa","WSM","Muertes producto de la guerra (cantidad de personas)","VC.BTL.DETH","","","","","","","","","","","","","","","","","","","","","","","","","","","","","","","","","","","","","","","","","","","","","","","","","","","","","","","","","","","","","","","","","","",
"Kosovo","XKX","Muertes producto de la guerra (cantidad de personas)","VC.BTL.DETH","","","","","","","","","","","","","","","","","","","","","","","","","","","","","","","","","","","","","","","","","","","","","","","","","","","","","","","","","","","","","","","","","","",
"Yemen, Rep. del","YEM","Muertes producto de la guerra (cantidad de personas)","VC.BTL.DETH","","","","","","","","","","","","","","","","","","","","","","","","","","","","","","","","","","","1489","","","","","","","","2","","","","","","21","94","175","1143","2366","578","1826","7720","3013","3145","4639","2629","6294","23351","2917","795","918","",
"Sudáfrica","ZAF","Muertes producto de la guerra (cantidad de personas)","VC.BTL.DETH","","","","","","","","","","","","","","","","","","","","","","","","","","","","","","361","","","","","","","","","","","","","","","","","","","","","","","","","","","","","","","","","","","","",
"Zambia","ZMB","Muertes producto de la guerra (cantidad de personas)","VC.BTL.DETH","","","","","","","","","","","","","","","","","","","","","","","","","","","","","","","","","","","","","","","","","","","","","","","","","","","","","","","","","","","","","","","","","","",
"Zimbabwe","ZWE","Muertes producto de la guerra (cantidad de personas)","VC.BTL.DETH","","","","","","","","","","","","","","","","","","","","","","","","","","","","","","","","","","","","","","","","","","","","","","","","","","","","","","","","","","","","","","","","","","",
